ventricular tachycardia,25569003
vt ventricular tachycardia,25569003
ventricular tachycardia with normal heart,233905006
familial ventricular tachycardia,233906007
induced ventricular tachycardia,233907003
incessant infant ventricular tachycardia,233908008
right ventricular outflow tract ventricular tachycardia,233909000
ventricular flutter,111288001
ventricular fibrillation and flutter,195083004
wide qrs ventricular tachycardia,251156000
narrow qrs ventricular tachycardia,251157009
ventricular tachycardia monomorphic,251158004
ventricular tachycardia polymorphic,251159007
ventricular tachycardia polymorphic without q t prolongation,251160002
torsades de pointes,31722008
twisting spikes,31722008
ventricular tachycardia polymorphic with q t prolongation,31722008
torsade de pointes,31722008
torsade de pointes with short coupling interval syndrome,718104007
torsade de pointes short coupled variant,718104007
torsades de pointe caused by drug,725060001
catecholaminergic polymorphic ventricular tachycardia,419671004
paroxysmal ventricular tachycardia,66657009
nonsustained paroxysmal ventricular tachycardia,21421000119109
pulseless ventricular tachycardia,405806007
fascicular ventricular tachycardia,418872003
sustained ventricular tachycardia,426525004
nonsustained ventricular tachycardia,444658006
recurrent ventricular tachycardia,708124001
ventricular tachyarrhythmia,6624005
cardiac observations,301095005
myocardial finding,251052000
myocardial observation,251052000
myocardial lesion,301122000
myocardial necrosis,251061000
myocardial infarction,22298006
infarction of heart,22298006
cardiac infarction,22298006
heart attack,22298006
mi myocardial infarction,22298006
myocardial infarct,22298006
subsequent myocardial infarction,194856005
reinfarction of myocardium,194856005
subsequent myocardial infarction of anterior wall,194857001
subsequent st segment elevation myocardial infarction of anterior wall,703210007
subsequent anterior st segment elevation myocardial infarction,703210007
subsequent myocardial infarction of inferior wall,194858006
subsequent inferior st segment elevation myocardial infarction,703209002
subsequent st segment elevation myocardial infarction of inferior wall,703209002
subsequent st segment elevation myocardial infarction,703211006
subsequent non st segment elevation myocardial infarction,703360004
silent myocardial infarction,233843008
mi silent myocardial infarction,233843008
healed myocardial infarction,1755008
healed coronary,1755008
past myocardial infarction diagnosed on ecg and or other special investigation but currently presenting no symptoms,32574007
past myocardial infarction diagnosed on electrocardiogram and or other special investigation but currently presenting no symptoms,32574007
microinfarct of heart,42531007
microinfarction of heart,42531007
acute myocardial infarction,57054005
ami acute myocardial infarction,57054005
acute infarction of papillary muscle,10273003
acute papillary muscle infarction,10273003
acute widespread myocardial infarction,233835003
acute q wave infarction widespread,233836002
acute non q wave infarction widespread,233837006
acute posterior myocardial infarction,233838001
acute myocardial infarction of posterobasal wall,70998009
acute st segment elevation myocardial infarction of posterobasal wall,15713201000119105
acute q wave myocardial infarction,304914007
acute q wave infarct,304914007
acute q wave infarction anteroseptal,233825009
acute q wave infarction anterolateral,233827001
acute q wave infarction inferior,233829003
acute q wave infarction inferolateral,233831007
acute q wave infarction lateral,233833005
acute non q wave infarction,307140009
acute non q wave infarction anteroseptal,233826005
acute non q wave infarction anterolateral,233828006
acute non q wave infarction inferior,233830008
acute non q wave infarction inferolateral,233832000
acute non q wave infarction lateral,233834004
acute myocardial infarction of posterolateral wall,15990001
acute st segment elevation myocardial infarction of posterolateral wall,15712841000119100
acute myocardial infarction with rupture of ventricle,30277009
acute anteroapical myocardial infarction,52035003
acute anteroapical infarction,52035003
acute myocardial infarction of anterior wall,54329005
acute anterior myocardial infarction,54329005
acute st segment elevation myocardial infarction of anterior wall,703164000
acute anterior st segment elevation myocardial infarction,703164000
acute anterior st segment elevation myocardial infarction with right ventricular involvement,703165004
acute st segment elevation myocardial infarction of anterior wall involving right ventricle,703165004
acute st segment elevation myocardial infarction of anteroapical wall,15962541000119106
acute myocardial infarction of anterior wall involving right ventricle,703252002
acute myocardial infarction of anterior wall with right ventricular involvement,703252002
acute myocardial infarction of lateral wall,58612006
acute lateral myocardial infarction,58612006
acute myocardial infarction of basal lateral wall,282006
acute myocardial infarction of apical lateral wall,59063002
acute myocardial infarction of high lateral wall,64627002
acute st segment elevation myocardial infarction of lateral wall,15712921000119103
acute anteroseptal myocardial infarction,62695002
acute st segment elevation myocardial infarction of anteroseptal wall,15712961000119108
acute myocardial infarction of inferolateral wall,65547006
acute inferolateral myocardial infarction,65547006
acute myocardial infarction of anterolateral wall,70211005
acute anterolateral myocardial infarction,70211005
acute st segment elevation myocardial infarction of anterolateral wall,15712881000119105
acute subendocardial infarction,70422006
acute nontransmural infarction,70422006
acute myocardial infarction of inferior wall,73795002
acute myocardial infarction of diaphragmatic wall,73795002
acute inferior myocardial infarction,73795002
acute myocardial infarction of inferoposterior wall,76593002
acute inferoposterior infarction,76593002
acute inferior st segment elevation myocardial infarction,703213009
acute st segment elevation myocardial infarction of inferior wall,703213009
acute st segment elevation myocardial infarction of inferior wall involving right ventricle,703253007
acute inferior st segment elevation myocardial infarction with right ventricular involvement,703253007
acute myocardial infarction of inferior wall involving right ventricle,703251009
acute myocardial infarction of inferior wall with right ventricular involvement,703251009
acute myocardial infarction of septum,79009004
acute myocardial infarction of septum alone,79009004
acute septal infarction,79009004
acute st segment elevation myocardial infarction of septum,15713161000119100
acute st segment elevation myocardial infarction,401303003
stemi st elevation myocardial infarction,401303003
acute st segment elevation myocardial infarction involving left anterior descending coronary artery,285981000119103
acute st segment elevation myocardial infarction involving left main coronary artery,285991000119100
acute st segment elevation myocardial infarction of posterior wall,15713041000119103
acute st segment elevation myocardial infarction due to right coronary artery occlusion,15713121000119105
acute st segment elevation myocardial infarction due to left coronary artery occlusion,15713081000119108
acute st segment elevation myocardial infarction due to occlusion of circumflex coronary artery,15963181000119104
acute non st segment elevation myocardial infarction,401314000
nstemi non st segment elevation mi,401314000
acute atrial infarction,194809007
acute myocardial infarction of atrium,194809007
acute myocardial infarction due to right coronary artery occlusion,23311000119105
acute myocardial infarction due to left coronary artery occlusion,17531000119105
acute myocardial infarction during procedure,703212004
acute periprocedural myocardial infarction,703212004
postoperative myocardial infarction,129574000
postoperative subendocardial myocardial infarction,311796008
postoperative transmural myocardial infarction of anterior wall,311792005
postoperative transmural myocardial infarction of inferior wall,311793000
myocardial infarction with complication,371068009
first myocardial infarction,394710008
non q wave myocardial infarction,314207007
true posterior myocardial infarction,194802003
true posterior wall infarction,194802003
myocardial infarction in recovery phase,418044006
mixed myocardial ischaemia and infarction,428196007
mixed myocardial ischemia and infarction,428196007
subendocardial myocardial infarction,380001000004106
subendocardial ischemia,46109009
subendocardial ischaemia,46109009
primary endomyocardial fibrosis cardiomyopathy,68602002
primary endomyocardial fibrosis restrictive cardiomyopathy,42099002
myocardial disease,57809008
disorder of myocardium,57809008
disorder of heart muscle,57809008
ectopic atrioventricular node tachycardia,233895000
re entrant atrioventricular node tachycardia,233896004
avrnt atrioventricular re entrant nodal tachycardia,233896004
atrioventricular reciprocating tachycardia,735685003
avb atrioventricular block,233917008
av block,233917008
atrioventricular block,233917008
complete atrioventricular block,27885002
third degree atrioventricular block,27885002
third degree heart block,27885002
complete heart block,27885002
chb complete heart block,27885002
high grade atrioventricular block,27885002
congenital complete atrioventricular heart block,204383001
acquired complete atrioventricular block,733125004
postoperative complete heart block,233918003
complete atrioventricular block due to atrioventricular nodal ablation,102451000119107
complete atrioventricular block as complication of atrioventricular nodal ablation,102451000119107
partial atrioventricular block,195039008
incomplete atrioventricular block,195039008
incomplete heart block,195039008
partial heart block,195039008
first degree atrioventricular block,270492004
first degree heart block,270492004
incomplete atrioventricular block first degree,270492004
incomplete atrioventricular block with atrioventricular response,77221000
second degree atrioventricular block,195042002
incomplete atrioventricular block second degree,195042002
second degree heart block,195042002
intermittent second degree atrioventricular block,251114004
mobitz type ii atrioventricular block,28189009
mobitz type ii incomplete atrioventricular block,28189009
second degree mobitz type ii incomplete atrioventricular block,28189009
mobitz type 2 second degree atrioventricular block,28189009
mobitz type i incomplete atrioventricular block,54016002
wenckebach's phenomenon,54016002
wenckebach's incomplete av block,54016002
mobitz type 1 second degree atrioventricular block,54016002
mobitz type i wenckebach atrioventricular block,54016002
high degree second degree atrioventricular block,284941000119107
high grade second degree av block,284941000119107
congenital incomplete atrioventricular heart block,204384007
congenital incomplete av block,204384007
postoperative atrioventricular block,284951000119109
atrioventricular block due to endocarditis,472809000
myocardial dysfunction,233928007
myocardial depression,233928007
ischemic myocardial dysfunction,281091000
ischaemic myocardial dysfunction,281091000
generalized ischemic myocardial dysfunction,194849004
ischemic cardiomyopathy,194849004
generalised ischaemic myocardial dysfunction,194849004
ischaemic cardiomyopathy,194849004
stunned myocardium,281092007
hibernating myocardium,281093002
ischemic congestive cardiomyopathy,426856002
ischaemic congestive cardiomyopathy,426856002
ischaemic dilated cardiomyopathy due to coronary artery disease,472100003
ischaemic congestive cardiomyopathy due to coronary artery disease,472100003
ischemic congestive cardiomyopathy due to coronary artery disease,472100003
ischemic dilated cardiomyopathy due to coronary artery disease,472100003
av junctional rhythm,11849007
nodal rhythm,11849007
junctional rhythm,11849007
atrioventricular junctional rhythm,11849007
nodal escape bradycardia,251162005
nodal tachycardia,251165007
nonparoxysmal av nodal tachycardia,39260000
nonparoxysmal atrioventricular nodal tachycardia,39260000
paroxysmal junctional tachycardia,195071001
junctional paroxysmal tachycardia,195071001
nodal paroxysmal tachycardia,195072008
paroxysmal nodal tachycardia,195072008
av nodal re entry tachycardia,251166008
atrioventricular nodal re entry tachycardia,251166008
junctional escape beats,47830009
nodal escape beats,47830009
av node arrhythmia,88412007
atrio ventricular node arrhythmia,88412007
permanent junctional reciprocating tachycardia,233904005
pjrt permanent junctional reciprocating tachycardia,233904005
idiojunctional tachycardia,69730002
junctional premature beats,81681009
ectopic junctional beats,81681009
premature junctional contractions,81681009
junctional ectopic contractions,81681009
transient myocardial ischaemia,315026000
transient myocardial ischemia,315026000
myocarditis,50920009
postmyocardial infarction syndrome,66189004
dressler's syndrome,66189004
postmyocardial infarction pericarditis,66189004
post myocardial infarction syndrome,66189004
chronic myocarditis,451241000124108
endomyocardial disease,8254003
cardiomyopathy,85898001
myocardiopathy,85898001
hypertrophic cardiomyopathy,233873004
hcm hypertrophic cardiomyopathy,233873004
hypertrophic cardiomyopathy without obstruction,195020003
hypertrophic non obstructive cardiomyopathy,195020003
hcm hypertrophic non obstructive cardiomyopathy,195020003
hypertrophic obstructive cardiomyopathy,45227007
obstructive cardiomyopathy,45227007
hocm hypertrophic obstructive cardiomyopathy,45227007
primary idiopathic hypertrophic cardiomyopathy,63183009
hypertrophic cardiomyopathy associated with another disorder,445336009
secondary hypertrophic cardiomyopathy,445336009
hypertrophic cardiomyopathy secondary to friedreich's ataxia,53322007
hypertrophic cardiomyopathy secondary to friedreich ataxia,53322007
hypertrophic cardiomyopathy secondary to neuromuscular disorder,41964001
hypertrophic cardiomyopathy secondary to hyperthyroidism,93558006
hypertrophic cardiomyopathy with genetic marker,471885006
hypertrophic mitochondrial cardiomyopathy,472316006
hypertrophic mitochondrial cardiomyopathy associated with cataracts and lactic acidosis,472318007
primary hypertrophic cardiomyopathy,700065003
primary familial hypertrophic cardiomyopathy,83978005
cardiomyopathy and renal anomaly syndrome,720610008
arrhythmogenic right ventricular cardiomyopathy,281170005
myocardial ischemia,414795007
myocardial ischaemia,414795007
cardiac ischemia,414795007
acute myocardial ischemia,413444003
acute myocardial ischaemia,413444003
chronic myocardial ischemia,413844008
chronic myocardial ischaemia,413844008
chronic coronary insufficiency,413844008
silent myocardial ischemia,233823002
silent myocardial ischaemia,233823002
asymptomatic ischemia,233823002
asymptomatic ischaemia,233823002
myocardial ischemia of newborn,276516009
myocardial ischaemia of newborn,276516009
microvascular ischemia of myocardium,697976003
microvascular ischaemia of myocardium,697976003
myocardial ischemia during surgery,10971000087107
myocardial ischaemia during surgery,10971000087107
congenital anomaly of myocardium,204394002
anomalous cardiac muscle bands,109432004
abnormal cardiac muscle band,109432004
anterolateral muscle band,263944006
posteromedial muscle band,264162009
septoparietal trabeculations,264571006
anomalous muscle bands of left ventricle,13453009
anomalous muscle bands of right ventricle,88445007
myocardial bridge of coronary artery,424045003
left ventricular hypertrophy by ekg,25488008
left ventricular hypertrophy by electrocardiogram,25488008
ecg:left ventricle hypertrophy,164873001
ecg: lvh,164873001
ecg: left ventricular hypertrophy,164873001
ekg:left ventricle hypertrophy,164873001
electrocardiographic left ventricle hypertrophy,164873001
disorder of left cardiac ventricle,415993000
left ventricular abnormality,253535002
left ventricle abnormality,253535002
lv left ventricle abnormality,253535002
left ventricular right atrial communication,41893002
right sided atrium connecting to left ventricle,41893002
left ventricular hypertrophy,55827005
lv hypertrophy,55827005
lv+ left ventricular hypertrophy,55827005
lvh left ventricular hypertrophy,55827005
hypertensive left ventricular hypertrophy,428163005
ecg: right ventricle hypertrophy,164877000
ecg: rvh right ventricle hypertrophy,164877000
ekg: right ventricle hypertrophy,164877000
electrocardiographic right ventricular hypertrophy,164877000
disorder of right cardiac ventricle,415992005
sinoatrial node tachycardia,233891009
right ventricle abnormality,253516002
rv right ventricular abnormality,253516002
right ventricular abnormality,253516002
right ventricular dilatation,253522006
right ventricular hypertrophy,89792004
rv hypertrophy,89792004
rvh right ventricular hypertrophy,89792004
sinus bradycardia,49710005
persistent sinus bradycardia,44602002
severe sinus bradycardia,49044005
symptomatic sinus bradycardia,444605001
coronary sinus rhythm disorder,60423000
sinus node dysfunction,60423000
asymptomatic sinoatrial node dysfunction,300997008
sinus arrest,5609005
sinus arrest with atrial escape,251092003
sinus arrest with junctional escape,251093008
sinus arrest with ventricular escape,251094002
sinoatrial arrest with nodal ventricular escape,13395001
atrial standstill,450919004
atrial arrest,450919004
sinoatrial block,65778007
sinoauricular block,65778007
sinoatrial exit block,65778007
sick sinus syndrome,36083008
familial sick sinus syndrome,233913007
chronic atrial and intestinal dysrhythmia,720507006
tachycardia bradycardia,74615001
brady tachy syndrome,74615001
bradycardia tachycardia syndrome,74615001
tachycardia bradycardia syndrome,74615001
postoperative sinoatrial disease,233914001
sinus node dysfunction following surgical procedure,233914001
postoperative sinus node dysfunction,233914001
nodal rhythm disorder,71792006
sinus arrhythmia,71792006
nodal arrhythmia,71792006
marked sinus arrhythmia,251152003
sinoatrial nodal reentrant tachycardia,419752005
sinoatrial reentrant tachycardia,419752005
cavotricuspid isthmus dependent macro re entry tachycardia,735683005
cavotricuspid isthmus dependent macroreentry tachycardia,735683005
atrioventricular slow nodal pathway,251098004
cardiac conduction pattern finding,366175006
finding of cardiac conduction pattern,366175006
ventricular conduction pattern,251119009
rsr pattern in v1 and v2,251126009
juvenile ecg pattern,276309009
juvenile electrocardiogram pattern,276309009
atrioventricular conduction pattern finding,366177003
finding of atrioventricular conduction pattern,366177003
lown ganong levine pattern,251118001
type a wolff parkinson white pattern,251116002
type b wolff parkinson white pattern,251117006
early repolarization,428417006
p wave axis superior,251195004
indeterminate cardiac axis,251200008
left axis deviation,39732003
lad left axis deviation,39732003
heart disease,56265001
morbus cordis,56265001
cardiopathy,56265001
disorder of heart,56265001
cardiac disorder,56265001
functional cardiac disorder,105981003
disorder of cardiac function,105981003
hyperkinetic heart disease,27012009
cardiac tamponade,35304003
pericardial tamponade,35304003
heart failure,84114007
myocardial failure,84114007
weak heart,84114007
cardiac failure,84114007
hf heart failure,84114007
cardiac insufficiency,84114007
high output heart failure,10091002
refractory heart failure,314206003
right heart failure,128404006
chronic right sided heart failure,10335000
chronic right sided congestive heart failure,66989003
right heart failure secondary to left heart failure,44313006
acute right sided congestive heart failure,80479009
right heart failure due to pulmonary hypertension,426012001
cor pulmonale,83291003
right heart failure due to disorder of lung,83291003
right heart failure due to pulmonary disease,83291003
congestive heart failure with right heart failure,23341000119109
low output heart failure,25544003
low cardiac output syndrome,44088000
right ventricular failure,367363000
acute right sided heart failure,359617009
hypertensive heart failure,46113002
hypertensive heart disease with congestive heart failure,5148006
malignant hypertensive heart disease with congestive heart failure,83105008
malignant hypertensive heart disease with congestive cardiac failure,83105008
chronic heart failure,48447003
chronic congestive heart failure,88805009
acute exacerbation of chronic congestive heart failure,698296002
acute on chronic congestive heart failure,698296002
decompensated chronic heart failure,424404003
chronic systolic heart failure,441481004
acute on chronic systolic heart failure,443253003
chronic diastolic heart failure,441530006
acute on chronic diastolic heart failure,443344007
cardiac failure after obstetrical surgery and or other procedure including delivery,55565007
acute heart failure,56675007
acute congestive heart failure,10633002
acute diastolic heart failure,443343001
acute systolic heart failure,443254009
acute kidney injury due to circulatory failure,722095005
cardiac insufficiency during and or resulting from a procedure,89819002
heart failure during and or resulting from a procedure,89819002
cardiac insufficiency due to prosthesis,5053004
heart failure due to prosthesis,5053004
cardiac insufficiency following cardiac surgery,60856006
heart failure following cardiac surgery,60856006
postvalvulotomy syndrome,33644002
decompensated cardiac failure,195111005
compensated cardiac failure,195112003
heart failure as a complication of care,233924009
congestive heart failure,42343007
congestive heart disease,42343007
congestive cardiac failure,42343007
ccf congestive cardiac failure,42343007
chf congestive heart failure,42343007
congestive rheumatic heart failure,82523003
hypertensive heart and chronic kidney disease with congestive heart failure,15781000119107
benign hypertensive heart disease with congestive cardiac failure,194767001
congestive heart failure due to left ventricular systolic dysfunction,426263006
congestive heart failure due to valvular disease,426611007
exacerbation of congestive heart failure,96311000119109
congestive heart failure stage d,67431000119105
congestive heart failure stage c,67441000119101
congestive heart failure stage c due to ischemic cardiomyopathy,15629541000119106
congestive heart failure stage c due to ischaemic cardiomyopathy,15629541000119106
congestive heart failure due to cardiomyopathy,101281000119107
symptomatic congestive heart failure,698594003
congestive heart failure as early postoperative complication,72481000119103
congestive heart failure stage b,717840005
congestive heart failure stage b due to ischemic cardiomyopathy,15629591000119103
congestive heart failure stage b due to ischaemic cardiomyopathy,15629591000119103
congestive heart failure as post operative complication of cardiac surgery,285211000119102
congestive heart failure after cardiac surgery,285211000119102
congestive heart failure following cardiac surgery,285211000119102
congestive heart failure as post operative complication of non cardiac surgery,285221000119109
cardiac failure developing in the perinatal period,276514007
neonatal cardiac failure,276514007
neonatal cardiac failure due to decreased left ventricular output,722919003
neonatal cardiac failure due to pulmonary overperfusion,724550005
diastolic heart failure,418304008
diastolic heart failure stage d,120881000119106
diastolic heart failure stage d,120881000119106
diastolic heart failure stage c,120891000119109
diastolic heart failure stage c,120891000119109
diastolic heart failure stage b,120901000119108
systolic heart failure,417996009
systolic heart failure stage d,120851000119104
systolic heart failure stage d,120851000119104
systolic heart failure stage c,120861000119102
systolic heart failure stage c,120861000119102
systolic heart failure stage b,120871000119108
cardiorenal syndrome,445236007
heart failure with normal ejection fraction,446221000
heart failure with preserved ejection fraction,446221000
foetal heart failure,462172006
fetal heart failure,462172006
fetal heart failure with redistribution of cardiac output,462175008
foetal heart failure with redistribution of cardiac output,462175008
fetal heart failure due to extracardiac disease,704242009
foetal heart failure due to extracardiac disease,704242009
heart failure due to end stage congenital heart disease,471880001
congenital cardiac failure,206586007
heart failure with reduced ejection fraction,703272007
heart failure with reduced ejection fraction due to coronary artery disease,703273002
heart failure with reduced ejection fraction due to myocarditis,703274008
heart failure with reduced ejection fraction due to cardiomyopathy,703275009
heart failure with reduced ejection fraction due to heart valve disease,703276005
post cardiac operation functional disturbance,195130005
acute ventricular septal rupture,371817007
acute ischemic heart disease,413439005
acute ischaemic heart disease,413439005
impending infarction,25106000
acute coronary syndrome,394659003
acs acute coronary syndrome,394659003
av paroxysmal tachycardia,195070000
atrioventricular paroxysmal tachycardia,195070000
paroxysmal atrioventricular tachycardia,195070000
paroxysmal familial ventricular fibrillation,233915000
af paroxysmal atrial fibrillation,282825002
paf paroxysmal atrial fibrillation,282825002
intermittent atrial fibrillation,282825002
paroxysmal atrial fibrillation,282825002
paroxysmal tachycardia,12026006
bouveret hoffmann syndrome,12026006
essential paroxysmal tachycardia,12026006
pt paroxysmal tachycardia,12026006
paroxysmal supraventricular tachycardia,67198005
atrial paroxysmal tachycardia,195069001
pat,195069001
paroxysmal atrial tachycardia,195069001
pat paroxysmal atrial tachycardia,195069001
nonsustained paroxysmal supraventricular tachycardia,5761000119100
paroxysmal atrial tachycardia with block,39357005
re entrant atrial tachycardia,233893007
atrial muscle re entrant tachycardia,233893007
macro re entrant atrial tachycardia,735682000
sudden cardiac death,95281009
sudden arrhythmic death syndrome,735686002
sudden cardiac death due to cardiac arrhythmia,735686002
acute chagas' disease with heart involvement,186813004
chronic heart disorder,128238001
chronic disorder of heart,128238001
chronic disease of heart,128238001
chronic heart disease,128238001
chronic ectopic atrial tachycardia,26950008
chronic rheumatic heart disease,87648004
chronic rheumatic carditis,87648004
chronic inactive rheumatic heart disease,111284004
chronic rheumatic pericarditis,78069008
chronic rheumatic mediastinopericarditis,90453003
recurrent rheumatic heart disease,20005002
chronic ischemic heart disease,413838009
chronic ischaemic heart disease,413838009
chronic atrial flutter,425615007
chronic atrial fibrillation,426749004
ventricular hypertrophy,266249003
ventricular dilatation,6210001
dilated ventricle,6210001
auricular dilatation,68583001
dilated auricle,68583001
atrial hypertrophy,195126007
right atrial hypertrophy,446358003
left atrial hypertrophy,446813000
atrial dilatation,82608003
right atrial dilatation,253350005
fetal right atrial dilatation,472772002
foetal right atrial dilatation,472772002
left atrial dilatation,253361002
giant right atrium,253351009
giant left atrium,253362009
right atrial abnormality,253339007
ra right atrial abnormality,253339007
abnormality of right atrial appendage,253344000
right atrial appendage absent,253345004
right atrial appendage left juxtaposition,253346003
left atrial abnormality,253352002
la left atrial abnormality,253352002
left atrial thrombus,473360003
disorder of cardiac ventricle,415991003
right bundle branch block,59118001
right fascicular block,59118001
rbbb right bundle branch block,59118001
familial isolated complete right bundle branch block,233919006
complete right bundle branch block,251123001
incomplete right bundle branch block,251124007
right bundle branch block anterior fascicular block and posterior fascicular block,32425009
right bundle branch block posterior fascicular block and incomplete anterior fascicular block,66568003
right bundle branch block with left bundle branch block,32758004
right bundle branch block with left main stem bundle branch block,32758004
right bundle branch block and left anterior fascicular block,30667004
rbbb right bundle branch block with left anterior fascicular block,30667004
right bundle branch block with left anterior fascicular block,30667004
right bundle branch block anterior fascicular block and incomplete posterior fascicular block,41863008
right bundle branch block and left posterior fascicular block,46319007
rbbb right bundle branch block with left posterior fascicular block,46319007
right bundle branch block with left posterior fascicular block,46319007
right bundle branch block and incomplete left bundle branch block,43906007
right bundle branch block posterior fascicular block and incomplete left bundle branch block,14718009
right bundle branch block anterior fascicular block and incomplete left bundle branch block,38566003
trifascicular block,86014007
multifascicular block,86014007
bilateral bundle branch block,20143001
right branch block incomplete anterior fascicular block and incomplete posterior fascicular block,73459006
left bundle branch block,63467002
lbbb left bundle branch block,63467002
incomplete left bundle branch block,251120003
left anterior fascicular block,37760005
lafb left anterior fascicular block,37760005
left anterior hemiblock,37760005
left bundle branch hemiblock,4973001
complete left bundle branch block,6180003
main stem left bundle branch block,6180003
anterior fascicular with posterior fascicular block,6180003
left posterior fascicular block,62026008
anterior fascicular block posterior fascicular block and incomplete right bundle branch block,76887001
left main stem bundle branch block,195046004
thin cardiac ventricular septum,447923000
thin ventricular septum,447923000
disorder of cardiac ventricle following procedure,735582006
postprocedural ventricular abnormality,735582006
sinistrocardia,424889004
left sided heart,424889004
heart predominantly in left hemithorax,424889004
heart disease in mother complicating pregnancy childbirth and or puerperium,78381004
congenital cardiovascular disorders during pregnancy childbirth and the puerperium,267207004
congenital cardiovascular disorder during pregnancy baby delivered,199266007
congenital cardiovascular disorder in the puerperium baby delivered during current episode of care,199267003
congenital cardiovascular disorder during pregnancy baby not yet delivered,199268008
congenital cardiovascular disorder in the puerperium baby delivered during previous episode of care,199269000
congenital cardiovascular anomaly in mother complicating childbirth,10805641000119102
maternal congenital cardiovascular anomaly in childbirth,10805641000119102
heart disease in childbirth,10753101000119102
heart disease in mother complicating childbirth,10753101000119102
cardiac arrhythmia in childbirth,10743741000119103
cardiac arrhythmia in mother complicating childbirth,10743741000119103
mechanical complication due to heart valve prosthesis,43873004
disorder of transplanted heart,429257001
cardiac transplant failure,233934000
heart transplant failure and rejection,213151004
cardiac transplant rejection,233933006
hyperacute rejection of cardiac transplant,432773004
acute rejection of cardiac transplant,432843002
chronic rejection of cardiac transplant,431896008
accelerated rejection of cardiac transplant,431186002
arteriosclerosis of coronary artery bypass graft of transplanted heart,444855007
coronary arteriosclerosis in native artery of transplanted heart,6661000119101
thyrotoxic heart disease,60446003
outflow tract abnormality in solitary indeterminate ventricle,448898002
outflow tract obstruction in solitary indeterminate ventricle,449542003
subaortic outflow tract obstruction in solitary indeterminate ventricle,449602001
subpulmonary outflow tract obstruction in solitary indeterminate ventricle,449604000
cardiac complication of procedure,362999008
leakage due to cardiac device,234180009
cardiac arrest due to pacemaker failure,78240009
disorder of right atrium as complication of procedure,472764004
disorder of left atrium as complication of procedure,472766002
cardiac arrest due to administration of anesthesia for obstetric procedure in pregnancy,10745231000119102
cardiac arrest due to administration of anaesthesia for obstetric procedure in pregnancy,10745231000119102
cardiac arrest due to obstetric anesthesia in pregnancy,10745231000119102
cardiac arrest due to obstetric anaesthesia in pregnancy,10745231000119102
cardiac abnormality due to heart abscess,461089003
disorder of right atrium,472762000
disorder of left atrium,472763005
arrhythmia,698247007
cardiac dysrhythmia,698247007
disorder of heart rhythm,698247007
cardiac arrhythmia,698247007
arrhythmia due to vegetation of infectious endocarditis,472810005
arrhythmia due to vegetation of infective endocarditis,472810005
aberrantly conducted complex,251183004
bradyarrhythmia,421869004
neonatal bradycardia,413341007
vagal autonomic bradycardia,29894000
vagal bradycardia,29894000
vagal autonomic bradycardia of prematurity,473006003
vagal sinus bradycardia of prematurity,473006003
supraventricular bradyarrhythmia,762534000
pacemaker twiddler's syndrome,129575004
pacemaker twiddler syndrome,129575004
ectopic rhythm,29320008
cardiac arrest,410429000
cardiac arrest in fetus or newborn,179924009
cardiac arrest in foetus or newborn,179924009
neonatal cardiac arrest,180906006
cardiac arrest with successful resuscitation,233927002
electromechanical dissociation,234172002
cardiac arrest with electromechanical dissociation,234172002
emd,234172002
pulseless electrical activity,234172002
pea pulseless electrical activity,234172002
electromechanical dissociation with successful resuscitation,309809007
circulatory arrest,261195002
cardiac arrest after obstetrical surgery and or other procedure including delivery,16574001
ventricular fibrillation,71908006
cardiac arrest ventricular fibrillation,71908006
vf ventricular fibrillation,71908006
sustained ventricular fibrillation,429243003
idiopathic ventricular fibrillation not brugada type,723866006
asystole,397829000
cardiac standstill,397829000
cardiac arrest due to cardiac disorder,423191000
cardiac arrest due to drowning,424571008
cardiac arrest due to respiratory disorder,423168004
cardiac arrest due to trauma,422970001
bradycardic cardiac arrest,703162001
cardiac arrest due to miscarriage,10760181000119109
cardiac arrest due to spontaneous abortion,10760181000119109
cardiac arrest due to incomplete spontaneous abortion,10811961000119109
cardiac arrest due to incomplete miscarriage,10811961000119109
cardiac arrest due to failed attempted abortion,10750641000119101
cardiac arrest due to failed attempted termination of pregnancy,10750641000119101
cardiac arrest during surgery,716050002
idiopathic cardiac arrest,5561000124105
cardiac arrest following cardiac surgery,15964581000119107
ectopic beats,33413000
ectopic rhythm abnormality,33413000
ventricular premature beats,17338001
ventricular premature contractions,17338001
ventricular premature systoles,17338001
ventricular extrasystoles,17338001
ventricular ectopic beats,17338001
multiple premature ventricular complexes,251176006
run of ventricular premature complexes,251177002
ventricular interpolated complexes,251178007
multiple ventricular interpolated complexes,251179004
ventricular trigeminy,251180001
ventricular quadrigeminy,251181002
paired ventricular premature complexes,251182009
ventricular extrasystoles with syncope perodactyly and robin sequence syndrome,719823007
stoll kieny dott syndrome,719823007
multifocal premature beats,63232000
multifocal extrasystoles,63232000
parasystole,10164001
parasystolic beat,10164001
atrial parasystole,251188008
ventricular parasystole,59272004
supraventricular premature beats,63593006
supraventricular extrasystoles,63593006
supraventricular premature contraction,63593006
ectopic atrial beats,406461004
bundle branch reentrant ventricular tachycardia,442559009
fibrillation,40593004
cardiac fibrillation,40593004
atrial fibrillation,49436004
af atrial fibrillation,49436004
lone atrial fibrillation,233910005
non rheumatic atrial fibrillation,233911009
nraf non rheumatic atrial fibrillation,233911009
controlled atrial fibrillation,300996004
rapid atrial fibrillation,314208002
atrial fibrillation and flutter,195080001
permanent atrial fibrillation,440028005
persistent atrial fibrillation,440059007
longstanding persistent atrial fibrillation,706923002
atrial fibrillation with rapid ventricular response,120041000119109
familial atrial fibrillation,715395008
pre excited atrial fibrillation,762247006
preexcited atrial fibrillation,762247006
tachyarrhythmia,6285003
his bundle tachycardia,233901002
congenital his bundle tachycardia,233902009
postoperative his bundle tachycardia,233903004
junctional ectopic tachycardia,251155001
atrioventricular tachycardia,278482008
avrt atrioventricular re entrant tachycardia,233897008
re entrant atrioventricular tachycardia,233897008
orthodromic atrioventricular re entrant tachycardia,233898003
antidromic atrioventricular re entrant tachycardia,233899006
supraventricular tachycardia,6456007
svt supraventricular tachycardia,6456007
supraventricular tachycardia with functional bundle branch block,233900001
inappropriate sinus tachycardia,425582007
irregular tachycardia,82838007
neonatal tachycardia,413342000
incisional tachycardia,419400008
right atrial incisional tachycardia,418493005
left atrial incisional tachycardia,420002000
re entry ventricular arrhythmia,195105007
mahaim fiber tachycardia,710878005
mahaim fibre tachycardia,710878005
anomalous atrioventricular excitation,17869006
conduction disorder of the heart,44808001
disorder of heart conduction,44808001
heart block,233916004
hb heart block,233916004
intraventricular conduction defect,4554005
minor intraventricular conduction defect,251125008
bundle branch block,6374002
bbb bundle branch block,6374002
fascicular block,6374002
lev's disease,283645003
lev's syndrome,283645003
lev syndrome,283645003
progressive familial heart block type ia,283645003
lev len√®gre disease,283645003
progressive cardiac conduction defect,283645003
lenegre lev syndrome,283645003
lenegre syndrome,283645003
monofascicular block,2374000
bifascicular block,74021003
diffuse intraventricular block,82226007
myofibrillar intraventricular block,82226007
non specific intraventricular conduction delay,698252002
non specific intraventricular conduction defect,698252002
nonspecific intraventricular conduction disorder,698252002
heart block due to drug,443478002
heart block caused by drug,443478002
progressive familial heart block,698249005
progressive familial heart block type ib,698250005
progressive familial heart block type ii,698251009
congenital heart block,46619002
congenital conduction defect,315027009
atrioventricular conduction disorder,418341009
atrioventricular dissociation,50799005
isorhythmic dissociation,50799005
interference dissociation,50799005
tic tac rhythm,46220003
embryocardia,46220003
aberrant premature complexes,251167004
junctional premature complex,251164006
junctional premature depolarisation,251164006
junctional premature depolarization,251164006
supraventricular bigeminy,251168009
ventricular premature complex,251175005
ventricular ectopic complex,251175005
ventricular premature depolarisation,251175005
ventricular premature depolarization,251175005
premature ventricular complex,251175005
ventricular bigeminy,11157007
bigeminal rhythm,11157007
multifocal pvcs,10626002
multifocal premature ventricular complexes,10626002
unifocal pvcs,27337007
unifocal premature ventricular complexes,27337007
interpolated pvcs,38274001
interpolated ventricular premature complexes,38274001
atrial premature complex,287057009
atrial premature depolarisation,287057009
atrial premature depolarization,287057009
atrial bigeminy,251173003
atrial trigeminy,251174009
premature atrial contraction,284470004
pac premature atrial contraction,284470004
atrial extrasystoles,284470004
atrial ectopic,284470004
atrial premature systoles,284470004
atrial premature contractions,284470004
blocked premature atrial contraction,251170000
multifocal atrial tachycardia,49982000
multiple atrial premature complexes,251171001
run of atrial premature complexes,251172008
ventricular escape complex,251186007
premature beats,29717002
extrasystoles,29717002
extrasystolic arrhythmia,29717002
ectopics,29717002
atrial escape complex,251187003
accelerated atrioventricular conduction,16797001
pre excitation atrioventricular conduction,16797001
accessory atrioventricular conduction,16797001
concealed accessory pathway,233922008
unidirectional retrograde accessory pathway,233923003
urap unidirectional retrograde accessory pathway,233923003
lown ganong levine syndrome,55475008
syndrome of short p r interval normal qrs complexes and supraventricular tachycardias,55475008
lown ganong levine syndrome,55475008
ventricular pre excitation with arrhythmia,74390002
wolff parkinson white pattern,74390002
wpw wolff parkinson white pattern,74390002
wpw wolff parkinson white syndrome,74390002
wolff parkinson white syndrome,74390002
ventricular pre excitation,195060002
neonatal dysrhythmia,276513001
cardiac dysrhythmia of the newborn,276513001
neonatal arrhythmia,276513001
idiopathic neonatal atrial flutter,715560009
supraventricular arrhythmia,72654001
atrial arrhythmia,17366009
atrial tachycardia,276796006
ectopic atrial tachycardia,233892002
non cavotricuspid isthmus dependent atrial tachycardia,735684004
incessant atrial tachycardia,233894001
atrial flutter,5370000
paroxysmal atrial flutter,427665004
atypical atrial flutter,15964901000119107
atrial flutter type 2,15964901000119107
atrial flutter type ii,15964901000119107
typical atrial flutter,720448006
atrial flutter type i,720448006
atrial flutter type 1,720448006
withdrawal arrhythmia,184004
ventricular arrhythmia,44103008
slow ventricular response,251161003
ventricular rhythm,49260003
idioventricular rhythm,49260003
fusion beats,13640000
dressler beats,13640000
accelerated idioventricular rhythm,61277005
ventricular escape beat,75532003
ventricular escape rhythm,81898007
cardiac arrhythmia associated with genetic disorder,698270004
congenital long qt syndrome,442917000
inherited long qt syndrome,442917000
long qt syndrome with genetic marker,460495004
romano ward syndrome,20852007
long qt syndrome with syndactyly,699256006
timothy syndrome classic type,699256006
timothy syndrome type 1,699256006
timothy syndrome type 2,719907006
timothy syndrome atypical type,719907006
brugada syndrome,418818005
familial short qt syndrome,698273002
genetic short qt syndrome,698273002
cardiac channelopathy,698271000
long qt syndrome,9651007
prolonged q t interval syndrome,9651007
long q t syndrome,9651007
acquired long qt syndrome,442946007
long qt syndrome caused by drug,715971003
short qt syndrome,698272007
arrhythmia as current complication following acute myocardial infarction,723860000
arrhythmia following acute myocardial infarction,723860000
arrhythmia during surgery,10701000087104
cardiac disorder due to typhoid fever,1084791000119106
heart disease co occurrent with human immunodeficiency virus infection,713298006
disorder of atrium following procedure,735584007
postprocedural atrial complication,735584007
ventricular hypertrophy by ekg,83370008
hypertrophy of cardiac ventricle determined by electrocardiogram,83370008
p wave right axis deviation,251194000
p wave left axis deviation,251193006
ecg: ventricular ectopics,164884008
electrocardiogram: ventricular ectopics,164884008
ecg: pvcs premature ventricular complexes,164884008
ecg: atrial ectopics,164885009
ecg electrocardiogram atrial premature beats,164885009
ecg: atrial extrasystoles,164885009
ecg: premature atrial contractions,164885009
ecg: atrial premature complexes,164885009
ekg: atrial ectopics,164885009
electrocardiographic atrial ectopics,164885009
ecg: supraventricular arrhythmia,164887001
ekg: supraventricular arrhythmia,164887001
electrocardiographic supraventricular arrhythmia,164887001
ecg: atrial fibrillation,164889003
electrocardiographic atrial fibrillation,164889003
ecg: paroxysmal atrial tachy,164891006
electrocardiogram: paroxysmal atrial tachycardia,164891006
ecg: paroxysmal atrial tachycardia,164891006
ecg: ventricular arrhythmia,164893009
ekg: ventricular arrhythmia,164893009
electrocardiographic ventricular arrhythmia,164893009
ecg: ventricular tachycardia,164895002
ekg: ventricular tachycardia,164895002
electrocardiographic ventricular tachycardia,164895002
ecg: ventricular tachycardia polymorphic,713420008
electrocardiographic ventricular tachycardia polymorphic,713420008
ekg ventricular tachycardia polymorphic,713420008
ecg ventricular tachycardia monomorphic,713421007
ekg ventricular tachycardia monomorphic,713421007
electrocardiographic ventricular tachycardia monomorphic,713421007
ecg: ventricular fibrillation,164896001
electrocardiographic ventricular fibrillation,164896001
ekg: ventricular fibrillation,164896001
ecg: heart block,164898000
electrocardiographic heart block,164898000
ekg: heart block,164898000
ecg: left bundle branch block,164909002
ecg: lbbb left bundle branch block,164909002
electrocardiographic left bundle branch block,164909002
ekg: left bundle branch block,164909002
ecg complete left bundle branch block,733534002
electrocardiographic complete left bundle branch block,733534002
left anterior fascicular block on electrocardiogram,445118002
ecg: left anterior fascicular block,445118002
electrocardiogram: left anterior fascicular block,445118002
right bundle branch block and left anterior fascicular block on electrocardiogram,445263008
left posterior fascicular block on electrocardiogram,445211001
ecg: left posterior fascicular block,445211001
electrocardiogram: left posterior fascicular block,445211001
right bundle branch block and left posterior fascicular block on electrocardiogram,445393004
ecg: right bundle branch block,164907000
electrocardiographic right bundle branch block,164907000
ekg: right bundle branch block,164907000
ecg: mobitz type ii atrioventricular block,426183003
electrocardiographic mobitz type ii atrioventricular block,426183003
ekg: mobitz type ii atrioventricular block,426183003
ecg: complete atrioventricular block,164906009
electrocardiographic complete atrioventricular block,164906009
ekg: complete atrioventricular block,164906009
trifascicular block on electrocardiogram,445309007
ecg: complete sinoatrial block,164901004
electrocardiographic complete sinoatrial block,164901004
ekg: complete sinoatrial block,164901004
ecg: wenckebach phenomenon,164905008
electrocardiogram: wenckebach phenomenon,164905008
mobitz type i incomplete atrioventricular block on electrocardiogram,164905008
mobitz type i second degree atrioventricular block on electrocardiogram,164905008
bifascicular block on electrocardiogram,445481009
electrocardiographic incomplete right bundle branch block,713426002
ecg: incomplete right bundle branch block,713426002
ekg: incomplete right bundle branch block,713426002
electrocardiographic complete right bundle branch block,713427006
ecg: complete right bundle branch block,713427006
ekg: complete right bundle branch block,713427006
ecg: partial sinoatrial block,164900003
electrocardiogram: partial sinoatrial block,164900003
ecg: partial atrioventricular block long pr,164902006
electrocardiogram: partial atrioventricular block long pr,164902006
ecg: partial atrioventricular block 2:1,164903001
electrocardiogram: partial atrioventricular block 2:1,164903001
ecg: partial atrioventricular block 3:1,164904007
electrocardiogram: partial atrioventricular block 3:1,164904007
ecg: ectopic beats,164881000
electrocardiogram: ectopic beats,164881000
ecg: extrasystole,164883002
electrocardiogram: extrasystole,164883002
electrocardiogram: ectopic beats with multifocal premature ventricular contractions,427581001
ecg: ectopic beats with multifocal premature ventricular contractions,427581001
electrocardiogram: ectopic beats with premature atrial contraction,427212000
ecg: ectopic beats premature atrial contraction,427212000
electrocardiogram: ectopic beats with unifocal premature ventricular contractions,426669001
ecg: ectopic beats unifocal premature ventricular contractions,426669001
right axis deviation,47665007
rad right axis deviation,47665007
superior axis,251197007
clockwise cardiac rotation,251198002
counterclockwise cardiac rotation,251199005
anticlockwise cardiac rotation,251199005
ecg: u wave exaggerated,164938004
electrocardiogram: u wave exaggerated,164938004
ecg: f wave finding,164940009
finding of electrocardiogram f wave,164940009
ecg: f wave absent,164941008
electrocardiogram: f wave absent,164941008
ecg: f wave present,164942001
electrocardiogram: f wave present,164942001
atrial hypertrophy by ekg,82281000
hypertrophy of cardiac atrium determined by electrocardiogram,82281000
right atrial hypertrophy by ekg,77566008
right atrial hypertrophy by electrocardiogram,77566008
left atrial hypertrophy by ekg,87469009
lah by ekg,87469009
hypertrophy of left cardiac atrium determined by electrocardiogram,87469009
wandering atrial pacemaker,195101003
improvement of left ventricular wall motion compared to prior study,428825004
new left ventricular wall motion abnormality compared to prior study,429058004
increased myocardial ischaemia compared to prior study,429477006
increased myocardial ischemia compared to prior study,429477006
new myocardial ischemia compared to prior study,428927006
new myocardial ischaemia compared to prior study,428927006
awareness of heart beat,277766008
decreased myocardial ischaemia compared to prior study,429232006
decreased myocardial ischemia compared to prior study,429232006
new myocardial infarction compared to prior study,429391004
concordant atrioventricular connections,445363005
normal position and orientation of heart,445368001
spontaneous closure of foramen ovale,447270007
spontaneous closure of residual atrial septal defect within oval fossa,461092004
right ventricle anterior to left ventricle,448279005
spontaneous closure of ventricular component of atrioventricular septal defect,447777009
spontaneous closure of atrial component of atrioventricular septal defect,448814004
atrial situs solitus,448358007
normal atrial arrangement,448358007
usual atrial arrangement,448358007
abnormal motion of ventricular septum,449244003
paradoxical motion of ventricular septum,449543008
atrial septum intact,448006009
right ventricle superior to left ventricle,448359004
abnormal ekg finding,102594003
abnormal ecg,102594003
electrocardiogram abnormal,102594003
pathological q wave,164918000
tall r wave,164922005
deep s wave,164926008
prolonged pr interval,164947007
prolonged p r interval,164947007
prolonged qt interval,111975006
increased qt interval,111975006
prolonged t wave,251211000
shortened t wave,251212007
prolonged tu interval,251214008
shortened tu interval,251215009
prolonged u wave,251217001
shortened u wave,251218006
q wave height increased,251225004
q wave height decreased,251226003
r wave height increased,251228002
r wave height decreased,251229005
s wave height increased,251231001
s wave height decreased,251232008
qrs complex height increased,251234009
qrs complex height decreased,251235005
tall t wave,251237002
tall tented t wave,251238007
inverted u wave,251240002
tall u wave,251242005
pr elevation,251244006
pr depression,251245007
sloping pr interval,251255006
bifid t wave,251258008
wellens' syndrome variant,704996001
inverted biphasic anterior t wave,704996001
wellens' variant t wave,704996001
high t voltage,251259000
tu elevation,251260005
tu depression,251261009
flat u wave,251262002
flattened u wave,251241003
bifid u wave,251264001
low ventricular voltage by ekg,20329001
low ventricular voltage by electrocardiogram,20329001
ekg axis perpendicular to frontal plane,29489007
electrocardiographic axis perpendicular to frontal plane,29489007
diminished lv forces by ekg,38531000
diminished left ventricle forces by electrocardiogram,38531000
left axis deviation greater than 90 degrees by ekg,398002
left axis deviation greater than 90 degrees by electrocardiogram,398002
diminished rv forces by ekg,44325009
diminished right ventricle forces by electrocardiogram,44325009
shortened pr interval,49578007
s t changes,55930002
ekg st segment changes,55930002
ecg st segment changes,55930002
electrocardiographic st segment changes,55930002
st segment depression,26141007
st depression,26141007
inferior st segment depression,704997005
diffuse st segment depression,704998000
anterior st segment depression,705011000
posterior st segment depression,705009009
left ventricular s t changes,27649004
left ventricular st changes,27649004
right ventricular s t changes,44998009
right ventricular st changes,44998009
st segment elevation,76388001
posterior st segment elevation,705010004
anterior st segment elevation,705008001
anterior and lateral st segment elevation,705012007
inferior st segment elevation,705007006
inferior and lateral st segment elevation,705013002
inferior and right sided st segment elevation,705095008
lateral st segment elevation,705006002
shortened st segment,251209009
sloping st segment,251256007
reverse tick st segment,251257003
ecg: s t interval abnormal,164930006
ecg: st interval abnormal,164930006
electrocardiographic st interval abnormal,164930006
secondary st t abnormality on electrocardiogram,428549008
nonspecific st t abnormality,428750005
nonspecific st t abnormality on electrocardiogram,428750005
st-t abnormality,428750005
ventricular inversion,56743000
inverted t wave,59931005
t wave inversion in ekg,59931005
anterior t wave inversion,704999008
counterclockwise vectorcardiographic loop,61721007
digitalis toxicity by ekg,6412007
digitalis toxicity by electrocardiogram,6412007
flattened t wave,66812002
shortened st interval,69318006
wide qrs complex,991002
prolonged qrs complex,991002
ambulatory ecg abnormal,164852001
ambulatory electrocardiogram abnormal,164852001
ecg: p wave abnormal,164912004
ekg: p wave abnormal,164912004
electrocardiographic p wave abnormal,164912004
prolonged p wave,251205003
shortened p wave,251206002
flattened p wave,251222001
tall p wave,251223006
ecg: q wave abnormal,164917005
ekg: q wave abnormal,164917005
electrocardiographic q wave abnormal,164917005
ecg: r wave abnormal,164921003
ekg: r wave abnormal,164921003
electrocardiographic r wave abnormal,164921003
ecg: s wave abnormal,164925007
ekg: s wave abnormal,164925007
electrocardiographic s wave abnormal,164925007
ecg: t wave abnormal,164934002
ekg: t wave abnormal,164934002
electrocardiographic t wave abnormal,164934002
deep symmetric anterior t wave inversion,705096009
wellens syndrome,705096009
ecg: u wave abnormal,164937009
ekg: u wave abnormal,164937009
electrocardiographic u wave abnormal,164937009
ecg: p r interval abnormal,164946003
ekg: p r interval abnormal,164946003
electrocardiographic p r interval abnormal,164946003
ecg: qrs complex abnormal,164951009
ekg: qrs complex abnormal,164951009
electrocardiographic qrs complex abnormal,164951009
ecg: left ventricular strain,370365005
ekg: left ventricular strain,370365005
electrocardiographic left ventricular strain,370365005
electrical alternation of heart,423863005
electrical alternans,423863005
ecg: asystole,427485008
electrocardiographic asystole,427485008
ekg: asystole,427485008
ecg: torsades de pointes,426882006
ecg: ventricular tachycardia polymorphic with long qt interval,426882006
ekg: torsades de pointes,426882006
electrocardiographic torsades de pointes,426882006
ekg hypertrophy,1155004
myocardial hypertrophy determined by electrocardiogram,1155004
ecg: supraventricular tachycardia,426761007
ekg: supraventricular tachycardia,426761007
electrocardiographic supraventricular tachycardia,426761007
ecg: atrial flutter,164890007
electrocardiographic atrial flutter,164890007
ekg: atrial flutter,164890007
ecg: junctional escape rhythm,426995002
ekg: junctional escape rhythm,426995002
electrocardiographic junctional escape rhythm,426995002
ecg myocardial ischaemia,164861001
ekg myocardial ischemia,164861001
electrocardiographic myocardial ischemia,164861001
electrocardiographic myocardial ischaemia,164861001
ecg: inferior ischaemia,425419005
electrocardiographic inferior ischemia,425419005
ekg: inferior ischemia,425419005
electrocardiographic inferior ischaemia,425419005
ecg: anterior ischaemia,426434006
electrocardiographic anterior ischemia,426434006
ekg: anterior ischemia,426434006
electrocardiographic anterior ischaemia,426434006
ecg: lateral ischaemia,425623009
electrocardiographic lateral ischemia,425623009
ekg: lateral ischemia,425623009
electrocardiographic lateral ischaemia,425623009
ecg: myocardial infarction,164865005
electrocardiogram finding of infarction,164865005
electrocardiographic myocardial infarction,164865005
ekg: myocardial infarction,164865005
ecg: anteroseptal infarction,164868007
ecg: old myocardial infarction,164867002
ekg: old myocardial infarction,164867002
electrocardiographic old myocardial infarction,164867002
ecg: old myocardial infarction,164867002
ekg: old myocardial infarction,164867002
electrocardiographic old myocardial infarction,164867002
electrocardiogram: anteroseptal infarction,164868007
anteroseptal infarction on electrocardiogram,164868007
ecg: antero septal infarct,164868007
ecg:posterior inferior infarct,164869004
ekg:posterior inferior infarct,164869004
electrocardiographic posterior inferior infarct,164869004
ecg: subendocardial infarct,164870003
ekg: subendocardial infarct,164870003
electrocardiographic subendocardial infarct,164870003
ecg: lateral infarction,164871004
electrocardiogram: lateral infarction,164871004
lateral infarction on electrocardiogram,164871004
inferior infarction by ekg,7326005
inferior myocardial infarction on electrocardiogram,7326005
anterolateral infarction by ekg,43630006
anterolateral infarction by electrocardiogram,43630006
septal infarction by ekg,1077002
septal infarction by electrocardiogram,1077002
posterior infarction by ekg,73999000
posterior myocardial infarction on electrocardiogram,73999000
electrocardiographic atrial tachycardia,713422000
ecg: atrial tachycardia,713422000
ekg: atrial tachycardia,713422000
electrocardiographic multifocal atrial tachycardia,713423005
ecg: multifocal atrial tachycardia,713423005
ekg: multifocal atrial tachycardia,713423005
ecg: focal atrial tachycardia,713424004
electrocardiographic focal atrial tachycardia,713424004
ekg: focal atrial tachycardia,713424004
ecg: presence findings,301120008
finding present on electrocardiogram,301120008
electrocardiogram finding,301120008
ecg observations,301120008
ekg finding,301120008
electrocardiogram: premature ventricular contractions,427172004
ecg: premature ventricular contractions,427172004
electrocardiogram: paced rhythm,426453001
ecg: paced rhythm,426453001
electrocardiogram: idioventricular rhythm,426151009
ecg: idioventricular rhythm,426151009
electrocardiogram: sinus rhythm,426783006
ecg: sinus rhythm,426783006
electrocardiogram: sinus tachycardia,427084000
ecg: sinus tachycardia,427084000
electrocardiogram: normal sinus rhythm,426285000
ecg: normal sinus rhythm,426285000
electrocardiogram: sinus bradycardia,426177001
ecg: sinus bradycardia,426177001
electrocardiogram: sinus arrhythmia,427393009
ecg: sinus arrhythmia,427393009
electrocardiogram: junctional tachycardia,426648003
ecg: junctional tachycardia,426648003
electrocardiogram: paroxysmal ventricular tachycardia,425856008
ecg: paroxysmal ventricular tachycardia,425856008
electrocardiogram: bradycardia,426627000
ecg: bradycardia,426627000
electrocardiogram: junctional rhythm,426307007
ecg: junctional rhythm,426307007
electrocardiogram: pulseless electrical activity,426975008
ecg: pulseless electrical activity,426975008
ecg: accelerated junctional rhythm,426664006
electrocardiographic accelerated junctional rhythm,426664006
ekg: accelerated junctional rhythm,426664006
electrocardiogram: pacemaker active,426083000
ecg: pacemaker active,426083000
ventricular escape rhythm on electrocardiogram,429288002
t wave alternans on electrocardiogram,428418001
paired ventricular premature complexes on electrocardiogram,428844006
electrocardiogram showing paced rhythm with electrical capture,711447007
electrocardiogram showing electrical capture following temporary pacing,711449005
quinidine toxicity by ekg,2398007
quinidine toxicity by electrocardiogram,2398007
ekg axis finding,5177007
ecg axis finding,5177007
electrocardiographic axis finding,5177007
indeterminate axis by ekg,32775005
indeterminate axis by electrocardiogram,32775005
p wave axis finding,366169002
finding of ecg p wave axis,366169002
finding of electrocardiogram p wave axis,366169002
qrs axis finding,366170001
finding of ecg qrs axis,366170001
finding of electrocardiogram qrs axis,366170001
ecg improved,142016009
electrocardiogram improved compared to prior study,142016009
ecg no new changes,142018005
electrocardiogram unchanged compared to prior study,142018005
ecg normal,164854000
ecg within normal limits,164854000
ecg within normal limits for age and sex,164854000
electrocardiogram normal,164854000
ambulatory ecg normal,164851008
ambulatory electrocardiogram normal,164851008
borderline normal ecg,251135002
borderline normal electrocardiogram,251135002
borderline abnormal ecg,251136001
borderline abnormal electrocardiogram,251136001
digitalis ecg pattern,251137005
digitalis electrocardiogram pattern,251137005
inadequate ecg tracing,251138000
inadequate electrocardiogram tracing,251138000
suspect arm ecg leads reversed,251139008
suspect arm electrocardiogram leads reversed,251139008
poor ecg quality,251140005
poor electrocardiogram quality,251140005
acquisition hardware ecg error,251141009
acquisition hardware electrocardiogram error,251141009
noisy ecg recording,251142002
noisy electrocardiogram recording,251142002
ecg artefacts,251143007
electrocardiogram artefact,251143007
postoperative ecg changes,251144001
postoperative electrocardiogram changes,251144001
stress ecg equivocal,251274003
stress electrocardiogram equivocal,251274003
ecg: absence findings,301119002
finding absent in electrocardiogram,301119002
ecg no myocardial ischemia,164862008
ecg no myocardial ischaemia,164862008
electrocardiogram: no myocardial ischaemia,164862008
electrocardiogram: no myocardial ischemia,164862008
ecg: no myocardial infarction,164866006
electrocardiogram: no myocardial infarction,164866006
ecg: no lvh,164874007
electrocardiogram: no left ventricle hypertrophy,164874007
ecg: no rvh,164878005
electrocardiogram: no right ventricle hypertrophy,164878005
ecg: no ectopic beats,164882007
electrocardiogram: no ectopic beats,164882007
supraventricular arrhythmia absent on electrocardiogram,164888006
ecg: no ventricular arrhythmia,164894003
electrocardiogram: no ventricular arrhythmia,164894003
ecg: no heart block,164899008
electrocardiogram: no heart block,164899008
ecg waveform finding,365408009
finding of ecg waveform,365408009
finding of electrocardiogram waveform,365408009
finding of tu interval,301118005
observation of tu interval,301118005
p wave finding,365410006
finding of electrocardiogram p wave,365410006
p mitrale,164913009
p mitrale by ekg,164913009
p mitrale by electrocardiogram,164913009
p pulmonale,164914003
p pulmonale by electrocardiogram,164914003
p pulmonale by ekg,164914003
inverted p wave,251221008
bifid p wave,251248009
ecg: p wave normal,164911006
electrocardiographic p wave normal,164911006
ekg: p wave normal,164911006
pr interval finding,365411005
finding of ecg pr interval,365411005
finding of electrocardiogram pr interval,365411005
ecg: p r interval normal,164945004
electrocardiogram: p r interval normal,164945004
q wave finding,365412003
finding of electrocardiogram q wave,365412003
ecg: q wave normal,164916001
electrocardiogram: q wave normal,164916001
r wave finding,365413008
finding of electrocardiogram r wave,365413008
ecg: r wave normal,164920002
electrocardiogram: r wave normal,164920002
s wave finding,365414002
finding of electrocardiogram s wave,365414002
ecg: s wave normal,164924006
electrocardiogram: s wave normal,164924006
qrs complex finding,365415001
finding of electrocardiogram qrs complex,365415001
shortened qrs complex,28630001
narrow qrs complex,28630001
ecg: qrs complex normal,164950005
electrocardiogram: qrs complex normal,164950005
st segment finding,365416000
finding of ecg st segment,365416000
finding of electrocardiogram st segment,365416000
ecg: s t interval normal,164929001
ecg: st interval normal,164929001
electrocardiogram: st interval normal,164929001
prolonged st segment,56260006
qt interval finding,365417009
finding of electrocardiogram qt interval,365417009
shortened qt interval,77867006
decreased qt interval,77867006
ecg: q t interval normal,164955000
electrocardiogram: q t interval normal,164955000
ecg: q t interval abnormal,164956004
electrocardiogram: q t interval abnormal,164956004
t wave finding,365418004
finding of ecg t wave,365418004
finding of electrocardiogram t wave,365418004
t wave duration finding,365419007
finding of ecg t wave duration,365419007
finding of electrocardiogram t wave duration,365419007
ecg: t wave normal,164933008
electrocardiogram: t wave normal,164933008
t wave changes only,399373003
u wave finding,365421002
finding of ecg u wave,365421002
finding of electrocardiogram u wave,365421002
low u wave,251263007
ecg: u wave normal,164936000
electrocardiogram: u wave normal,164936000
ecg voltage finding,366166009
finding of ecg voltage,366166009
finding of electrocardiogram voltage,366166009
decreased ekg voltage,59462000
decreased electrocardiogram voltage,59462000
low qrs voltages,251146004
low qrs voltages in the limb leads,251147008
low qrs voltages in the precordial leads,251148003
pacemaker ecg pattern finding,366167000
finding of pacemaker ecg pattern,366167000
finding of pacemaker electrocardiographic pattern,366167000
ventricular pacing pattern,251266004
av sequential pacing pattern,251267008
atrio ventricular sequential pacing pattern,251267008
atrial pacing pattern,251268003
ineffective artificial pacemaker pattern,251269006
ecg equivocal,370359005
electrocardiogram equivocal,370359005
ecg feature,364068009
electrocardiographic feature,364068009
ecg waveform,250865004
observation of ecg waveform,250865004
electrocardiographic waveform,250865004
pr interval feature,164944000
pr interval,164944000
pr interval duration,251207006
qrs complex,164949005
qrs complex feature,164949005
qrs complex duration,251208001
qrs complex height,251233003
qrs complex shape,251252009
q wave,24607002
q wave feature,24607002
q wave height,251224000
q wave shape,251249001
st segment,3030002
st elevation,164931005
st segment duration,301116009
ecg: s t interval,164928009
ecg s t interval,164928009
ecg st interval,164928009
electrocardiogram: st interval,164928009
st depression,429622005
p wave,33405001
p wave feature,33405001
p wave duration,251204004
p wave height,251220009
p wave shape,251247004
s wave,35877002
s wave feature,35877002
s wave height,251230000
s wave shape,251251002
u wave,39438000
u wave feature,39438000
u wave duration,251216005
u wave height,251239004
u wave shape,251254005
t wave,41011002
t wave feature,41011002
t wave duration,251210004
t wave height,251236006
t wave shape,251253004
t wave alternans,428550008
r wave,81184002
r wave feature,81184002
r wave height,251227007
r wave shape,251250001
qt interval,81435004
qt interval feature,81435004
qt interval duration,301117000
tu interval feature,364683003
tu interval duration,251213002
tu interval,251213002
general ecg appearance,251134003
general electrocardiographic appearance,251134003
ecg voltage,251145000
electrocardiographic voltage,251145000
ecg complex characteristic,251202000
ecg complex characteristics,251202000
electrocardiographic complex characteristic,251202000
ecg complex duration,251203005
electrocardiographic complex duration,251203005
ecg complex height,251219003
electrocardiographic complex height,251219003
segment deviation,251243000
ecg complex shape,251246008
electrocardiographic complex shape,251246008
pacemaker ecg pattern,251265000
pacemaker electrocardiographic pattern,251265000
cardiac conduction system feature,364069001
cardiac conduction,251089002
nodal function,251090006
sinus node function,251091005
atrioventricular nodal function,251095001
cardiac conduction pathway,251099007
intra atrial conduction,251100004
his purkinje conduction,251101000
areas of slow cardiac conduction,251109003
areas of ventricular slow conduction,251110008
areas of atrial slow conduction,251111007
cardiac conduction pattern,251112000
atrioventricular conduction pattern,251113005
effective refractory period,251127000
atrioventricular nodal effective refractory period,251128005
av nodal slow pathway effective refractory period,251129002
atrioventricular nodal slow pathway effective refractory period,251129002
av accessory pathway effective refractory period,251130007
atrioventricular accessory pathway effective refractory period,251130007
atrial effective refractory period,129087001
ventricular effective refractory period,129088006
ah interval,251131006
hv interval,251132004
wenckebach cycle length,251133009
sinoventricular conduction,26365000
sinoventricular conduction function,26365000
cardiac axis,251191008
p wave axis,251192001
qrs axis,251196003
cardiovascular shunt feature,364071001
cardiovascular shunt appearance,251063002
cardiovascular shunt flow rate,251064008
cardiovascular shunt flow ratio,251065009
qp qs cardiovascular shunt flow ratio,251065009
cardiovascular shunt pressure gradient,251066005
cardiac feature,364072008
heart beat,248646004
hb heart beat,248646004
cardiac vasomotor reflexes,248703008
carotid sinus reflex,248704002
cardiac activity,263699000
awareness of heart beat,271820000
perception of heart beat,271820000
ventricular septum appearance,250971009
feature of heart rhythm,364073003
cardiac rhythm type,251149006
cardiac rhythm,251149006
cardiac arrest rhythm,405804005
regularity of heart rhythm,364074009
feature of apex beat,364076006
character of apex beat,248656000
position of apex beat,248660002
position of heart,248660002
cardiac rhythm and or rate finding,106066004
dissociated atrioventricular nodal function,251097009
finding of heart rhythm,301112006
observation of heart rhythm,301112006
sr sinus rhythm,251150006
sinus rhythm,251150006
coronary sinus rhythm,251150006
normal sinus rhythm,64730000
normal cardiac rhythm,64730000
normal sinoatrial rhythm,64730000
normal sinus arrhythmia,423175003
fusion beat,251184005
escape beat,251185006
finding of regularity of heart rhythm,301114007
observation of regularity of heart rhythm,301114007
heart irregular,248650006
palpitations irregular,248650006
heart beats irregular,248650006
heart irregularly irregular,248651005
heart regularly irregular,248652003
dropped beats heart,248653008
missed beats heart,248653008
skipped beats heart,248653008
abnormal heart beat,361136003
irregular heart beat,361137007
rhythm from artificial pacing,10370003
pacemaker rhythm,10370003
malfunction from artificial pacing,40669004
electro mechanical dissociation due to pacemaker,72496005
electro mechanical dissociation caused by pacemaker,72496005
ventricular rhythm from artificial pacing,61552005
atrial rhythm from artificial pacing,63749008
sinus node rhythm,106067008
atrial rhythm,106068003
left atrial rhythm,49760004
normal atrial rhythm,81437007
reciprocal rhythm,66230004
non shockable heart rhythm detected by automated external defibrillator,707799009
shockable heart rhythm detected by automated external defibrillator,704130006
finding of heart rate,301113001
observation of heart rate,301113001
alteration in heart rate,361134000
heart rate changed,361134000
heart rate altered,361134000
abnormal cardiac rate,361135004
irregular heart rate,361138002
normal heart beat,76863003
normal heart rate,76863003
tachycardia,3424008
rapid heart beat,3424008
increased heart rate,3424008
heart rate fast,3424008
sinus tachycardia,11092001
baseline tachycardia,278086000
tachycardia baseline fetal heart rate,421348006
tachycardia baseline foetal heart rate,421348006
reflex tachycardia,442515000
bradycardia,48867003
slow heart beat,48867003
decreased heart rate,48867003
heart rate slow,48867003
reflex bradycardia,44273001
baseline bradycardia,278085001
bradycardia baseline fetal heart rate,421656001
bradycardia baseline foetal heart rate,421656001
heart rate increased within normal range,428586009
abnormal cardiac conduction,36358004
normal cardiac conduction,79525004
absent heart beat,399151004

